kind,sigma,T,K,greek,bs,ad,se,z_score
call,0.1,0.25,80.0,delta,0.9999989201240543,1.0000408752015075,5.002312671707141e-05,0.8387136152141987
call,0.1,0.25,80.0,vega,0.00026636940855904166,0.040404421158293034,0.050116898240143606,0.8008885856703605
call,0.1,0.25,80.0,rho,19.75152874661723,19.75155600987763,2.0755917220339967e-18,nan
call,0.1,0.25,100.0,delta,0.6083418808463948,0.6090357396552293,0.0005086902111986762,1.364010538357773
call,0.1,0.25,100.0,vega,19.206945765285237,19.22177104155276,0.03153644889757238,0.47009973493445384
call,0.1,0.25,100.0,rho,14.542338965750075,14.55909413988591,0.012144499969579498,1.3796512147726092
call,0.1,0.25,120.0,delta,0.00037389365625065,0.00036418590067014176,2.0920571452745187e-05,-0.4640291782868284
call,0.1,0.25,120.0,vega,0.06786807852586148,0.0665611972700062,0.003837187824283422,-0.34058308211674043
call,0.1,0.25,120.0,rho,0.00922780322433524,0.008977082206489382,0.0005156420181597648,-0.486230774483112
call,0.1,1.0,80.0,delta,0.9972940459299325,0.9974306276543289,0.00011634078990642406,1.1739796893780887
call,0.1,1.0,80.0,vega,0.8336345983543735,1.041303691273018,0.10013355532482295,2.0739210971286037
call,0.1,1.0,80.0,rho,75.81942669895483,75.8143549030782,0.004640175301555663,-1.0930181613894943
call,0.1,1.0,100.0,delta,0.7088403132116536,0.7093441548442606,0.0004968641997595728,1.014042937387671
call,0.1,1.0,100.0,vega,34.294385501938386,34.22095437608787,0.07019438462296784,-1.0461111133737582
call,0.1,1.0,100.0,rho,64.07907361234322,64.1335048898598,0.04458097388757976,1.2209530831208526
call,0.1,1.0,120.0,delta,0.10147077887179567,0.10101527796065841,0.0003328975110742093,-1.3682917293897114
call,0.1,1.0,120.0,vega,17.737706981433394,17.663565993097624,0.06065801012782717,-1.2222786105170613
call,0.1,1.0,120.0,rho,9.68458137661608,9.640558020606818,0.0317412435719643,-1.3869449037008175
call,0.1,2.0,80.0,delta,0.990755597436533,0.9903976587106371,0.00017966557347981306,-1.9922499283707402
call,0.1,2.0,80.0,vega,3.519044832936272,3.23446984312827,0.14096198916828606,-2.018806569679326
call,0.1,2.0,80.0,rho,142.8332229960885,142.82359173442865,0.016690198302487358,-0.577060948305978
call,0.1,2.0,100.0,delta,0.7816616831625545,0.7812446332335383,0.00047634600342378854,-0.8755189001661667
call,0.1,2.0,100.0,vega,41.69183236457288,41.74894543360045,0.10946638116535054,0.5217407245910055
call,0.1,2.0,100.0,rho,133.50710696912572,133.42352534642683,0.0796460222708172,-1.04941364698274
call,0.1,2.0,120.0,delta,0.30453877653618744,0.3035242719081742,0.0005191869220531773,-1.9540257755362225
call,0.1,2.0,120.0,vega,49.503583140709814,49.343971267598015,0.09939300248426207,-1.6058662996630242
call,0.1,2.0,120.0,rho,55.797070161650225,55.609715198634326,0.09478306192399023,-1.9766713504797446
call,0.2,0.25,80.0,delta,0.9919454761084703,0.9919019835108218,0.00014116890024051397,-0.30808908742906443
call,0.2,0.25,80.0,vega,1.102542121187436,1.083951466354076,0.049264920032965516,-0.3773609055068026
call,0.2,0.25,80.0,rho,19.543312297792564,19.542959826857313,0.0020190569336679793,-0.17457206350829405
call,0.2,0.25,100.0,delta,0.5694601832076737,0.5695624492960321,0.0005387188121819485,0.1898320349055381
call,0.2,0.25,100.0,vega,19.644000472368965,19.672382700554152,0.0330699137167345,0.8582492360971751
call,0.2,0.25,100.0,rho,13.082755297791127,13.083949179288199,0.012322575604395874,0.09688571086110122
call,0.2,0.25,120.0,delta,0.04965422165668506,0.04964254019527723,0.0002427104446867981,-0.04812920771869652
call,0.2,0.25,120.0,vega,5.128315245315288,5.123724746192552,0.025659916773478158,-0.17889766218884054
call,0.2,0.25,120.0,rho,1.1914144539170357,1.1912854734017544,0.00582026506473888,-0.022160591286937367
call,0.2,1.0,80.0,delta,0.9286374026649281,0.9282179635175323,0.0003588712650060544,-1.1687732852859172
call,0.2,1.0,80.0,vega,13.627194363994361,13.559821163355167,0.09375777262606505,-0.7185878967912258
call,0.2,1.0,80.0,rho,68.27490482256506,68.25200487994356,0.023141512293608713,-0.9895611976850546
call,0.2,1.0,100.0,delta,0.6368306511756191,0.6368693723922881,0.0005763501731011736,0.06718349100285287
call,0.2,1.0,100.0,vega,37.524034691693785,37.51308276420126,0.07567410510324772,-0.1447249026279873
call,0.2,1.0,100.0,rho,53.232481545376345,53.23793281574371,0.047221537022556506,0.11544034165517864
call,0.2,1.0,120.0,delta,0.2871916379051271,0.28675466671103267,0.0005392743868577106,-0.8102947307410536
call,0.2,1.0,120.0,vega,34.073842277010165,34.07423540179873,0.07551908560703263,0.005205634912102318
call,0.2,1.0,120.0,rho,25.471686373951897,25.424307861347167,0.04749451330136592,-0.9975575979503253
call,0.2,2.0,80.0,delta,0.9004126353941782,0.9006753220267625,0.0004569571017778896,0.5748605975534499
call,0.2,2.0,80.0,vega,24.744357919569445,24.70211090752071,0.1374686018041721,-0.3073211736663975
call,0.2,2.0,80.0,rho,121.84207336865273,121.89202393649951,0.05281222930966017,0.945814416465879
call,0.2,2.0,100.0,delta,0.6896910267811551,0.6887514334735132,0.0006089789965624292,-1.542899365898913
call,0.2,2.0,100.0,vega,49.91418560723049,49.69832016114488,0.1199518309460885,-1.7996010930640545
call,0.2,2.0,100.0,rho,105.68464590627377,105.58475444068169,0.08921476843768246,-1.1196741003912967
call,0.2,2.0,120.0,delta,0.4405285455758379,0.4398719714459996,0.0006361664225185906,-1.032079195942066
call,0.2,2.0,120.0,vega,55.7909003265798,55.716951384052784,0.11637205197095052,-0.6354527678645511
call,0.2,2.0,120.0,rho,72.24928334222683,72.139574699289,0.10228290661780559,-1.072599973598462
call,0.4,0.25,80.0,delta,0.899413671534024,0.8999802901086276,0.0003988938896118392,1.4204744403454717
call,0.4,0.25,80.0,vega,8.812438202369405,8.857838516100973,0.045466581495497836,0.99854249513048
call,0.4,0.25,80.0,rho,16.977088618207453,16.98495555957407,0.0068549713850705645,1.1476257047187342
call,0.4,0.25,100.0,delta,0.5645439358620384,0.5642346622614353,0.0005904640857006818,-0.5237805449863621
call,0.4,0.25,100.0,vega,19.68548076923555,19.60984236590884,0.037132657010549,-2.0369779438412463
call,0.4,0.25,100.0,rho,11.975446676158741,11.9741586259832,0.012339165629009675,-0.1043871372074423
call,0.4,0.25,120.0,delta,0.22689612190063513,0.22681350008742662,0.0005017704612366746,-0.16466057608268514
call,0.4,0.25,120.0,vega,15.066944469201331,15.056143614004563,0.03750522440973743,-0.2879826841927654
call,0.4,0.25,120.0,rho,5.074655628117473,5.073236540027093,0.011161042473055884,-0.12714655407911654
call,0.4,1.0,80.0,delta,0.8113437380326962,0.8103388463807232,0.0006312382737935335,-1.5919371395748423
call,0.4,1.0,80.0,vega,27.018228107240294,26.932782430091095,0.10289471562611578,-0.8304185169205317
call,0.4,1.0,80.0,rho,52.157966226436294,52.113294267156526,0.03535451489885228,-1.2635432676016702
call,0.4,1.0,100.0,delta,0.627409464153284,0.6272735906580428,0.0007102698781994839,-0.1912984055943374
call,0.4,1.0,100.0,vega,37.84198319338194,37.78540624265671,0.09583107566358093,-0.5903820898749549
call,0.4,1.0,100.0,rho,44.71799496511172,44.715773278699366,0.04747628673649529,-0.046795707185060056
call,0.4,1.0,120.0,delta,0.4479652220468224,0.4469253311835917,0.000713888816781835,-1.4566566092440814
call,0.4,1.0,120.0,vega,39.554395415577225,39.41956179283488,0.09518320240306519,-1.4165695137192267
call,0.4,1.0,120.0,rho,33.990548288676614,33.9253310805791,0.05216864395222057,-1.250122739575999
call,0.4,2.0,80.0,delta,0.8034711091663252,0.8047350450052273,0.000791846066686607,1.5961888201211298
call,0.4,2.0,80.0,vega,39.17639807719695,39.537402767367865,0.17691106003623908,2.0405998929460147
call,0.4,2.0,80.0,rho,88.81589211225806,88.85604786903943,0.07048866600141619,0.5696767871953653
call,0.4,2.0,100.0,delta,0.6771052869398673,0.6783511059960655,0.0008431189235090595,1.4776314722164614
call,0.4,2.0,100.0,vega,50.7636345571413,51.02077288669594,0.17109668445595724,1.5028831819404809
call,0.4,2.0,100.0,rho,82.84057772447689,82.95042739599576,0.0901696447557652,1.2182555650120774
call,0.4,2.0,120.0,delta,0.5546100352632285,0.5543217494486223,0.0008591006865485266,-0.33556697034472177
call,0.4,2.0,120.0,vega,55.88953822138671,55.909718784598525,0.1681200508059188,0.12003662332408796
call,0.4,2.0,120.0,rho,72.57337431391139,72.52242950760838,0.10241850221297803,-0.4974179977468201
put,0.1,0.25,80.0,delta,-1.079875945664277e-06,0.0,0.0,nan
put,0.1,0.25,80.0,vega,0.00026636940855904166,0.0,0.0,nan
put,0.1,0.25,80.0,rho,-2.726326039898791e-05,0.0,0.0,nan
put,0.1,0.25,100.0,delta,-0.39165811915360516,-0.39260213915359937,0.00046935482618081116,-2.0113141430243835
put,0.1,0.25,100.0,vega,19.206945765285237,19.24580916105606,0.027938132274496784,1.3910520355828453
put,0.1,0.25,100.0,rho,-10.147106046596962,-10.171360040626631,0.01215190590058185,-1.9959004149717607
put,0.1,0.25,120.0,delta,-0.9996261063437494,-0.9996145677615211,5.286598175276398e-05,0.21826100349758382
put,0.1,0.25,120.0,vega,0.06786807852586148,0.08812482316845861,0.050009825427564054,0.4050552960225326
put,0.1,0.25,120.0,rho,-29.61810621159211,-29.61841618727798,0.0005139379258749652,-0.6031383757908517
put,0.1,1.0,80.0,delta,-0.0027059540700674622,-0.002711502157287329,4.4675304752242256e-05,-0.1241868914075728
put,0.1,1.0,80.0,vega,0.8336345983543735,0.835461188052663,0.01378497895048192,0.1325058025007481
put,0.1,1.0,80.0,rho,-0.2789272611022913,-0.27950925409528976,0.004603486713592201,-0.126424388557493
put,0.1,1.0,100.0,delta,-0.29115968678834636,-0.29174039788673534,0.0004193328325476172,-1.3848452906988453
put,0.1,1.0,100.0,vega,34.294385501938386,34.36713388008237,0.054085600110288255,1.3450600158940653
put,0.1,1.0,100.0,rho,-31.043868837728187,-31.10615341059785,0.04462418685011297,-1.395758158661146
put,0.1,1.0,120.0,delta,-0.8985292211282043,-0.8982107721080994,0.0002850611376855357,1.117125339113086
put,0.1,1.0,120.0,vega,17.737706981433394,17.86490772683852,0.0766915508960508,1.658601813614861
put,0.1,1.0,120.0,rho,-104.4629495634696,-104.44179467931208,0.03183842847008625,0.6644449859515249
put,0.1,2.0,80.0,delta,-0.009244402563467036,-0.009186721808107551,7.914836295705118e-05,0.7287675095792433
put,0.1,2.0,80.0,vega,3.519044832936272,3.4946299423573843,0.030147729639086275,-0.8098417649080276
put,0.1,2.0,80.0,rho,-1.9407638896650155,-1.9280999573444653,0.016595825496639863,0.7630793854222098
put,0.1,2.0,100.0,delta,-0.21833831683744553,-0.21864353126784966,0.0003675490154805652,-0.8304047012751851
put,0.1,2.0,100.0,vega,41.69183236457288,41.6976723593453,0.07330312226714485,0.07966911356288872
put,0.1,2.0,100.0,rho,-47.46037663806619,-47.51446056093709,0.07963011202568938,-0.679189335479697
put,0.1,2.0,120.0,delta,-0.6954612234638126,-0.695450520608005,0.00041688001818303045,0.025673707879206732
put,0.1,2.0,120.0,vega,49.503583140709814,49.35349113803243,0.07738654516034639,-1.9395103162492804
put,0.1,2.0,120.0,rho,-161.36391016698005,-161.32585203241484,0.09490868586902257,0.40099738202809265
put,0.2,0.25,80.0,delta,-0.008054523891529719,-0.008102707783933715,7.832525015307037e-05,-0.615176999879746
put,0.2,0.25,80.0,vega,1.102542121187436,1.1060634765969053,0.01071909703204548,0.32851231768328626
put,0.2,0.25,80.0,rho,-0.20824371208506418,-0.20932699059268312,0.0020225528623005135,-0.5355996017759387
put,0.2,0.25,100.0,delta,-0.43053981679232634,-0.43033496556606005,0.0004585353774250549,0.4467511916237503
put,0.2,0.25,100.0,vega,19.644000472368965,19.61468201113931,0.026167790197812325,-1.120402640346305
put,0.2,0.25,100.0,rho,-11.60668971455591,-11.600088844601132,0.01232225005030845,0.5356870642804242
put,0.2,0.25,120.0,delta,-0.9503457783433149,-0.950230106181229,0.00021345384454510714,0.5419071384371902
put,0.2,0.25,120.0,vega,5.128315245315288,5.147099079579985,0.0428636313717759,0.43822311977668255
put,0.2,0.25,120.0,rho,-28.435919560899407,-28.43361910002547,0.00582594791796622,0.3948646480072524
put,0.2,1.0,80.0,delta,-0.07136259733507189,-0.07130505080857366,0.0002114189013944531,0.2721919663694524
put,0.2,1.0,80.0,vega,13.627194363994361,13.628342547633544,0.04057472271544502,0.028298003346443393
put,0.2,1.0,80.0,rho,-7.823449137492057,-7.819866852935469,0.023106908318223245,0.15503088977778376
put,0.2,1.0,100.0,delta,-0.3631693488243809,-0.3636177989088748,0.0004138138552439303,-1.083700023116804
put,0.2,1.0,100.0,vega,37.524034691693785,37.545344230374425,0.04773144472189242,0.44644654702576647
put,0.2,1.0,100.0,rho,-41.89046090469506,-41.93685163796298,0.04722774004809088,-0.9822772214101563
put,0.2,1.0,120.0,delta,-0.7128083620948729,-0.7129923073183712,0.0003989248936182798,-0.4611023940619415
put,0.2,1.0,120.0,vega,34.073842277010165,34.08463285251954,0.053033825713029614,0.2034659081123816
put,0.2,1.0,120.0,rho,-88.67584456613379,-88.69708329415324,0.04751192199972012,-0.44701891915843617
put,0.2,2.0,80.0,delta,-0.09958736460582185,-0.09948436613744377,0.0002313000132541888,0.4453024750365598
put,0.2,2.0,80.0,vega,24.744357919569445,24.721437901963547,0.0573772786020073,-0.3994615667445804
put,0.2,2.0,80.0,rho,-22.93191351710078,-22.90918045878852,0.05283772926457293,0.4302429084041749
put,0.2,2.0,100.0,delta,-0.3103089732188449,-0.31005682126287265,0.0003744408763961648,0.6734092666353099
put,0.2,2.0,100.0,vega,49.91418560723049,49.86121727522796,0.06299860249747162,-0.8407858254421027
put,0.2,2.0,100.0,rho,-75.28283770091812,-75.21225779695223,0.08918574584041951,0.7913809914443247
put,0.2,2.0,120.0,delta,-0.5594714544241621,-0.5595821361886244,0.000413719315676009,-0.26752863661059884
put,0.2,2.0,120.0,vega,55.7909003265798,55.829091454130975,0.06035954257703216,0.6327272527360898
put,0.2,2.0,120.0,rho,-144.91169698640343,-144.95604017426234,0.10230617123296833,-0.43343609993904375
put,0.4,0.25,80.0,delta,-0.10058632846597604,-0.10067711429173841,0.00024989720600578395,-0.36329268027218314
put,0.4,0.25,80.0,vega,8.812438202369405,8.819595482462042,0.022056633345711504,0.32449558282330043
put,0.4,0.25,80.0,rho,-2.7744673916701728,-2.776812004760666,0.0068655458680914805,-0.34150424970435067
put,0.4,0.25,100.0,delta,-0.43545606413796156,-0.4344940727664334,0.00042837312911958494,2.245685609424831
put,0.4,0.25,100.0,vega,19.68548076923555,19.644539576147025,0.02336582179246043,-1.7521828871319882
put,0.4,0.25,100.0,rho,-12.713998336188293,-12.68630097791934,0.01234000203313261,2.2445181284887292
put,0.4,0.25,120.0,delta,-0.7731038780993649,-0.7727729926390611,0.00037382063738422496,0.8851449792048353
put,0.4,0.25,120.0,vega,15.066944469201331,15.117021829267097,0.029027164172900355,1.72518954202621
put,0.4,0.25,120.0,rho,-24.55267838669897,-24.549327474012962,0.011165203542575233,0.30012105674848627
put,0.4,1.0,80.0,delta,-0.18865626196730378,-0.18926584867238203,0.000285819611033875,-2.1327672474020463
put,0.4,1.0,80.0,vega,27.018228107240294,27.080906458280985,0.0402776809336136,1.5561559054007907
put,0.4,1.0,80.0,rho,-23.940387733620828,-24.003475494558938,0.03536183520545846,-1.784063541147094
put,0.4,1.0,100.0,delta,-0.372590535846716,-0.3726765305163319,0.0003687004925910277,-0.23323719751939542
put,0.4,1.0,100.0,vega,37.84198319338194,37.88867734631806,0.038573216231158565,1.210533045942922
put,0.4,1.0,100.0,rho,-50.404947484959685,-50.43884511120791,0.047474377493818616,-0.7140193939907872
put,0.4,1.0,120.0,delta,-0.5520347779531776,-0.5521038735181956,0.00039672591286283204,-0.17416448681003008
put,0.4,1.0,120.0,vega,39.554395415577225,39.59075715849793,0.03743754633408298,0.9712640512340511
put,0.4,1.0,120.0,rho,-80.15698265140908,-80.19080928849804,0.052182561388310456,-0.6482364259057194
put,0.4,2.0,80.0,delta,-0.19652889083367475,-0.19651023223078373,0.0002618066091825589,0.07126864730144719
put,0.4,2.0,80.0,vega,39.17639807719695,39.17962672094808,0.0495220435513444,0.06519609288298861
put,0.4,2.0,80.0,rho,-55.95809477349547,-55.95239522559291,0.07049670751830402,0.08084842687268659
put,0.4,2.0,100.0,delta,-0.32289471306013273,-0.3234048282385416,0.0003256310702788322,-1.5665433214713624
put,0.4,2.0,100.0,vega,50.7636345571413,50.7878646537361,0.047758485707215394,0.5073464167884686
put,0.4,2.0,100.0,rho,-98.126905882715,-98.20851980885254,0.09015344398963794,-0.9052779630574096
put,0.4,2.0,120.0,delta,-0.4453899647367715,-0.44561915549559655,0.0003652818622837966,-0.6274353656437082
put,0.4,2.0,120.0,vega,55.88953822138671,55.95820475207025,0.044301352616512774,1.5499872267545411
put,0.4,2.0,120.0,rho,-144.5876060147189,-144.73062707668123,0.10238603873791119,-1.396880509543401
