part,N,M,method,B,input_mb,flops,transcendentals,bytes,temp_mb,total_mb,ref,flops_x,transc_x,max_rel_diff_vs_oneshot,block
basket,10000,,"price, one-shot",,4.0,60371208.0,500002.0,71309088.0,4.080016,8.080016,"price, one-shot",1.0,1.0,,
basket,10000,,one-shot,,4.0,115733552.0,500002.0,166340384.0,16.29128,20.29128,"price, one-shot",1.9170322382815332,1.0,,
basket,10000,,"price, chunked B=10,000",10000,0.0,123530208.0,1500000.0,,8.00128,8.00128,"price, chunked B=10,000",1.0,1.0,,
basket,10000,,"chunked B=10,000",10000,0.0,186738608.0,1500000.0,,16.211392,16.211392,"price, chunked B=10,000",1.511683749451794,1.0,1.1250069424555014e-12,
basket,10000,,"price, chunked B=1,000",1000,0.0,123531672.0,1500000.0,,1.202144,1.202144,"price, chunked B=1,000",1.0,1.0,,
basket,10000,,"chunked B=1,000",1000,0.0,186740988.0,1500000.0,,2.109448,2.109448,"price, chunked B=1,000",1.5116851004817615,1.0,4.3283354122901695e-13,
basket,10000,,"chunked B=1,000, Cholesky per batch",1000,0.0,260118408.0,1500020.0,,2.126216,2.126216,"price, chunked B=1,000",2.1056819177514248,1.0000133333333334,3.7531133064549925e-13,
basket,100000,,"price, one-shot",,40.0,533141216.0,5000002.0,690508992.0,40.800016,80.800016,"price, one-shot",1.0,1.0,,
basket,100000,,one-shot,,40.0,1083953536.0,5000002.0,1626139904.0,162.45128,202.45128,"price, one-shot",2.033145259585408,1.0,,
basket,100000,,"price, chunked B=10,000",10000,0.0,1235301720.0,15000000.0,,12.002144,12.002144,"price, chunked B=10,000",1.0,1.0,,
basket,100000,,"chunked B=10,000",10000,0.0,1793960912.0,15000000.0,,20.253192,20.253192,"price, chunked B=10,000",1.4522451340875653,1.0,1.8968825352428726e-12,
basket,100000,,"price, chunked B=1,000",1000,0.0,1235316342.0,15000000.0,,1.202848,1.202848,"price, chunked B=1,000",1.0,1.0,,
basket,100000,,"chunked B=1,000",1000,0.0,1793984748.0,15000000.0,,2.110152,2.110152,"price, chunked B=1,000",1.4522472398410156,1.0,5.901580862157006e-12,
basket,100000,,"chunked B=1,000, Cholesky per batch",1000,0.0,2601159888.0,15000200.0,,2.12692,2.12692,"price, chunked B=1,000",2.1056629784308316,1.0000133333333334,5.710145931682459e-12,
basket,1000000,,"price, one-shot",,400.0,5260840448.0,50000000.0,6882508800.0,408.000016,808.000016,"price, one-shot",1.0,1.0,,
basket,1000000,,one-shot,,400.0,10766151680.0,50000000.0,16224141312.0,1624.05128,2024.05128,"price, one-shot",2.0464699103530006,1.0,,
basket,1000000,,"price, chunked B=10,000",10000,0.0,12353016840.0,150000000.0,,12.002848,12.002848,"price, chunked B=10,000",1.0,1.0,,
basket,1000000,,"chunked B=10,000",10000,0.0,17866183952.0,150000000.0,,20.253896,20.253896,"price, chunked B=10,000",1.446301270645722,1.0,2.37389372780487e-12,
basket,1000000,,"price, chunked B=1,000",1000,0.0,12353163042.0,150000000.0,,1.210016,1.210016,"price, chunked B=1,000",1.0,1.0,,
basket,1000000,,"chunked B=1,000",1000,0.0,17866422348.0,150000000.0,,2.11732,2.11732,"price, chunked B=1,000",1.4463034517762985,1.0,1.1850190883181572e-12,
basket,1000000,,"chunked B=1,000, Cholesky per batch",1000,0.0,26011574688.0,150002000.0,,2.134088,2.134088,"price, chunked B=1,000",2.105661084498135,1.0000133333333334,1.0057069894279097e-12,
asian,100000,12,"price, one-shot",,9.6,5200008.0,1200003.0,204000416.0,2.40024,12.00024,"price, one-shot",1.0,1.0,,3
asian,100000,12,one-shot,,9.6,11900014.0,1200003.0,442801504.0,13.600376,23.200376,"price, one-shot",2.288460710060446,1.0,,3
asian,100000,12,"price, chunked",10000,0.0,175502080.0,3600010.0,,0.962008,0.962008,"price, chunked",1.0,1.0,,3
asian,100000,12,chunked,10000,0.0,182102040.0,3600010.0,,3.681648,3.681648,"price, chunked",1.0376061639839254,1.0,1.54079088615492e-16,3
asian,100000,12,chunked + sqrt(M) checkpoint,10000,0.0,356203960.0,7200010.0,,1.522688,1.522688,"price, chunked",2.0296281388801773,1.9999972222299383,1.54079088615492e-16,3
asian,100000,52,"price, one-shot",,41.6,21200008.0,5200003.0,844000384.0,2.40024,44.000240000000005,"price, one-shot",1.0,1.0,,4
asian,100000,52,one-shot,,41.6,47900008.0,5200003.0,1818801408.0,45.600376,87.200376,"price, one-shot",2.2594334870062314,1.0,,4
asian,100000,52,"price, chunked",10000,0.0,759506432.0,15600010.0,,1.202072,1.202072,"price, chunked",1.0,1.0,,4
asian,100000,52,chunked,10000,0.0,786106360.0,15600010.0,,10.561712,10.561712,"price, chunked",1.035022650078097,1.0,4.841417208341693e-16,4
asian,100000,52,chunked + sqrt(M) checkpoint,10000,0.0,1540212672.0,31200010.0,,2.562752,2.562752,"price, chunked",2.0279126115419124,1.99999935897477,4.841417208341693e-16,4
asian,100000,252,"price, one-shot",,201.6,101200008.0,25200004.0,4044000512.0,2.40024,204.00024,"price, one-shot",1.0,1.0,,14
asian,100000,252,one-shot,,201.6,227900000.0,25200004.0,8698801152.0,205.600376,407.200376,"price, one-shot",2.251976106563154,1.0,,14
asian,100000,252,"price, chunked",10000,0.0,3679464320.0,75600010.0,,3.602136,3.602136,"price, chunked",1.0,1.0,,14
asian,100000,252,chunked,10000,0.0,3805861760.0,75600010.0,,47.361776,47.361776,"price, chunked",1.0343521309101864,1.0,3.7718099488609742e-16,14
asian,100000,252,chunked + sqrt(M) checkpoint,10000,0.0,7459852160.0,151200010.0,,6.162816,6.162816,"price, chunked",2.027428862253514,1.9999998677248851,3.7718099488609742e-16,14
asian,100000,1000,"price, one-shot",,800.0,400400000.0,100000000.0,16011526144.0,2.40024,802.40024,"price, one-shot",1.0,1.0,,25
asian,100000,1000,one-shot,,800.0,901100032.0,100000000.0,34428997632.0,804.000376,1604.000376,"price, one-shot",2.2504995804195804,1.0,,25
asian,100000,1000,"price, chunked",10000,0.0,14599795200.0,300000000.0,,6.242264,6.242264,"price, chunked",1.0,1.0,,25
asian,100000,1000,chunked,10000,0.0,15099594240.0,300000000.0,,172.321904,172.321904,"price, chunked",1.0342332911628789,1.0,3.288473029888035e-16,25
asian,100000,1000,chunked + sqrt(M) checkpoint,10000,0.0,29599226880.0,600000000.0,,11.442944,11.442944,"price, chunked",2.0273727456122126,2.0,3.288473029888035e-16,25
