greek,K,T,exact,method,rmse,ci_lo,ci_hi,bias,std,ratio_to_best,ratio_ci_lo,ratio_ci_hi,best,tie_with_best,width_out,width_in,rmse_in_sample,width_at_grid_edge,grid_extended,width_base,rmse_base,lr_over_pwlr,lr_over_pwlr_lo,lr_over_pwlr_hi,parity_over_plain,parity_over_plain_lo,parity_over_plain_hi,parity_leg
gamma,80.0,0.1,8.404694579687516e-05,"FD, CRN",3.7411479830308494e-05,3.319934956664189e-05,4.181062636598772e-05,1.9333644165503242e-05,3.210893872593441e-05,1.010067453621258,0.9733635882256584,1.05135545857781,False,True,2.5118864315095824,2.5118864315095824,3.7411479830308494e-05,False,False,,,5.538647440035108,4.923284290272053,6.230796256996721,,,,
gamma,80.0,0.1,8.404694579687516e-05,LR,0.005830990683624625,0.005334657463377816,0.006297814970375159,-0.00046388815532262805,0.005827094928728258,157.43012408524226,135.25485932747,183.6980639562806,False,False,,,,,,,,5.538647440035108,4.923284290272053,6.230796256996721,,,,
gamma,80.0,0.1,8.404694579687516e-05,LR (parity),6.632716443955273e-05,5.833174720229525e-05,7.39520861999358e-05,-7.788413357437787e-07,6.648902239664466e-05,1.790758088032174,1.51248993396904,2.1241960710552705,False,False,,,,,,,,5.538647440035108,4.923284290272053,6.230796256996721,0.011374939189291045,0.00977988130121757,0.013167403788121536,put
gamma,80.0,0.1,8.404694579687516e-05,Pathwise-LR,0.0010527824250874621,0.0009646277812909807,0.001140602175935241,7.542314666306934e-05,0.0010527123061492484,28.423929450227714,24.2752208369393,33.59292974513304,False,False,,,,,,,,5.538647440035108,4.923284290272053,6.230796256996721,,,,
gamma,80.0,0.1,8.404694579687516e-05,Pathwise-LR (parity),4.779629036178317e-05,4.1256676874253275e-05,5.4540220208863795e-05,1.4466569328377098e-06,4.789427800263333e-05,1.290445540172328,1.1412727782297323,1.4402289022975887,False,False,,,,,,,,5.538647440035108,4.923284290272053,6.230796256996721,0.045399969853991806,0.03823956485817239,0.05340100724687256,put
gamma,80.0,0.1,8.404694579687516e-05,Smoothed AD,3.703859548803615e-05,3.258650255514188e-05,4.1632933408215504e-05,1.468563137247556e-05,3.408811795695636e-05,1.0,1.0,1.0,True,False,0.3981071705534973,0.3981071705534973,3.703859548803615e-05,False,False,,,5.538647440035108,4.923284290272053,6.230796256996721,,,,
digital delta,80.0,0.1,0.00010505868224609393,"FD, CRN",4.833438467466346e-05,4.32006676008029e-05,5.379866383802408e-05,1.9404735817826485e-05,4.43792356004597e-05,1.051143665495228,0.9772930459470981,1.1318855862179542,False,True,1.584893192461114,1.584893192461114,4.833438467466346e-05,False,False,,,,,,,,,
digital delta,80.0,0.1,0.00010505868224609393,Smoothed AD,4.598266275228093e-05,4.055625914666694e-05,5.178858262442161e-05,1.7755239332007238e-05,4.252290839943667e-05,1.0,1.0,1.0,True,False,0.3981071705534973,0.3981071705534973,4.598266275228093e-05,False,False,,,,,,,,,
digital delta,80.0,0.1,0.00010505868224609393,LR,0.0010413016134915535,0.0009532864846528543,0.0011287501767815282,7.95171573296018e-05,0.0010408665079573213,22.645526621659176,19.356958426204343,26.447111973449342,False,False,,,,,,,,,,,,,,
digital delta,80.0,0.1,0.00010505868224609393,LR (parity),5.977885101661108e-05,5.196842402017092e-05,6.781751317902781e-05,1.7802342463980577e-06,5.99022805154268e-05,1.3000302165764814,1.1444359859971223,1.456646074786415,False,False,,,,,,,,,,,0.05740781560509507,0.04852663181803923,0.06769026321232843,put
gamma,90.0,0.1,0.013017131971891064,"FD, CRN",0.0005352170004038903,0.00048353976481380415,0.0005861795346960149,0.0001654106861893194,0.000510292597527313,1.2358366911947287,1.0915037606843632,1.4084347770907593,False,False,1.584893192461114,1.584893192461114,0.0005352170004038903,False,False,,,4.82388591477587,4.287177453053234,5.436369336616686,,,,
gamma,90.0,0.1,0.013017131971891064,LR,0.004393535073327536,0.0039904530966981475,0.004812046109238395,-0.000619156573669798,0.004360604307602109,10.144841893235247,8.82440794403651,11.647740990270577,False,False,,,,,,,,4.82388591477587,4.287177453053234,5.436369336616686,,,,
gamma,90.0,0.1,0.013017131971891064,LR (parity),0.0008578632046033255,0.0007744004834285056,0.0009354543063593109,-3.338365978002844e-05,0.0008593645011291678,1.9808392175036271,1.7939324969359927,2.177714902428122,False,False,,,,,,,,4.82388591477587,4.287177453053234,5.436369336616686,0.19525579977983532,0.17139393596449562,0.22211549764002972,put
gamma,90.0,0.1,0.013017131971891064,Pathwise-LR,0.0009107875167341455,0.0008337948258691012,0.0009903174629988087,-6.771786276737801e-05,0.0009105458033514704,2.1030434949054144,1.831187027823349,2.426839989927976,False,False,,,,,,,,4.82388591477587,4.287177453053234,5.436369336616686,,,,
gamma,90.0,0.1,0.013017131971891064,Pathwise-LR (parity),0.00043308068470315146,0.00038852701613247806,0.00047890702660142987,-7.617016227283689e-06,0.00043410030627295706,1.0,1.0,1.0,True,False,,,,,,,,4.82388591477587,4.287177453053234,5.436369336616686,0.47550134004478856,0.41205848125543215,0.5460938793168679,put
gamma,90.0,0.1,0.013017131971891064,Smoothed AD,0.0005246891456034032,0.000474935901829707,0.0005745162863585353,0.0002079200897975983,0.0004829431708846378,1.2115274685201982,1.071455217880597,1.3808183592424068,False,False,0.3981071705534973,0.3981071705534973,0.0005246891456034032,False,False,,,4.82388591477587,4.287177453053234,5.436369336616686,,,,
digital delta,90.0,0.1,0.014463479968767854,"FD, CRN",0.0006158796629359961,0.0005527167989515297,0.0006774234660319955,0.00014417386170001122,0.0006002693338715506,1.2704966979541021,1.1070203625017532,1.4552256257685683,False,False,1.0,1.584893192461114,0.0005973844784513846,False,False,,,,,,,,,
digital delta,90.0,0.1,0.014463479968767854,Smoothed AD,0.000573205585070506,0.0005160713301652079,0.0006254272502482716,0.00020593271247391513,0.0005362782228945265,1.1824644437993228,1.0358288105278786,1.3448171486501275,False,False,0.3981071705534973,0.3981071705534973,0.000573205585070506,False,False,,,,,,,,,
digital delta,90.0,0.1,0.014463479968767854,LR,0.0008751369698850258,0.0007969861959595338,0.0009511516525507239,-5.525738205444518e-05,0.000875582412221139,1.805317982405974,1.5662784714892113,2.0887179496443657,False,False,,,,,,,,,,,,,,
digital delta,90.0,0.1,0.014463479968767854,LR (parity),0.00048475502842923983,0.000435582049260632,0.0005329696429176364,-9.154372011882898e-06,0.00048588481694449676,1.0,1.0,1.0,True,False,,,,,,,,,,,0.5539190379454844,0.4787625829297047,0.6384560764394894,put
gamma,100.0,0.1,0.06269313918221042,"FD, CRN",0.0010998384809185083,0.0010037916589070589,0.001196720183623132,-0.0007833240923167228,0.0007739788542586365,1.8263458301010769,1.6240334250482187,2.0575190414085953,False,False,2.5118864315095824,2.5118864315095824,0.0010998384809185083,False,False,,,3.6541757902517746,3.3144863928951023,4.011559561137441,,,,
gamma,100.0,0.1,0.06269313918221042,LR,0.002734416784512226,0.002482748575197565,0.0029860250481212663,-0.0001058670449074919,0.0027392232549441585,4.540658268277417,3.9804534145112798,5.2126034429966,False,False,,,,,,,,3.6541757902517746,3.3144863928951023,4.011559561137441,,,,
gamma,100.0,0.1,0.06269313918221042,LR (parity),0.0023446517232878967,0.002090496456950533,0.0026082084564852492,0.00014119177520944797,0.0023462696975407793,3.893430692013982,3.432104003531028,4.383392666008023,False,False,,,,,,,,3.6541757902517746,3.3144863928951023,4.011559561137441,0.8574595272264405,0.7417858887075218,0.9925983026316036,put
gamma,100.0,0.1,0.06269313918221042,Pathwise-LR,0.0007482991901502974,0.0006852626911520354,0.0008108972448273302,-6.247482275013903e-05,0.0007475578830058249,1.2425943711822807,1.117315206876978,1.3907148809627436,False,False,,,,,,,,3.6541757902517746,3.3144863928951023,4.011559561137441,,,,
gamma,100.0,0.1,0.06269313918221042,Pathwise-LR (parity),0.0006022071301017721,0.0005441475765990349,0.0006577383701083094,3.981895593857216e-05,0.0006023971196329587,1.0,1.0,1.0,True,False,,,,,,,,3.6541757902517746,3.3144863928951023,4.011559561137441,0.8047678495827553,0.7190546490515425,0.8950025865647738,put
gamma,100.0,0.1,0.06269313918221042,Smoothed AD,0.0011481722046468418,0.0010314313087218584,0.0012623833053249118,-0.00043357915133819216,0.001065827600231632,1.906606792338713,1.686824185489465,2.159717940226919,False,False,0.3981071705534973,0.3981071705534973,0.0011481722046468418,False,False,,,3.6541757902517746,3.3144863928951023,4.011559561137441,,,,
digital delta,100.0,0.1,0.06269313918221042,"FD, CRN",0.0011118023177702965,0.0010110822502391393,0.0012148825740080555,-0.0006715896922269381,0.0008882661554446798,1.719285541020264,1.515374598429809,1.9465262911685906,False,False,1.584893192461114,1.584893192461114,0.0011118023177702965,False,False,,,,,,,,,
digital delta,100.0,0.1,0.06269313918221042,Smoothed AD,0.0011488584870160772,0.0010360969975887757,0.0012610211468245013,-0.0004357941965543999,0.001065662905698271,1.7765890157221702,1.5678423969596513,2.0067876104305613,False,False,0.3981071705534973,0.3981071705534973,0.0011488584870160772,False,False,,,,,,,,,
digital delta,100.0,0.1,0.06269313918221042,LR,0.0006871492889879251,0.000626017521088999,0.0007459147453994392,-5.791273565747053e-05,0.0006864227131373445,1.062604222168368,0.94665800012143,1.1846209266099021,False,True,,,,,,,,,,,,,,
digital delta,100.0,0.1,0.06269313918221042,LR (parity),0.0006466653102372553,0.0005866124665748212,0.0007076749874537038,4.30260693210769e-05,0.0006468515016205554,1.0,1.0,1.0,True,False,,,,,,,,,,,0.9410841582761483,0.8441519191211594,1.0563477003214141,put
gamma,110.0,0.1,0.02379656009924989,"FD, CRN",0.0006066500525353381,0.0005534663288024345,0.0006602652999550526,0.00023050589019297962,0.0005625599428272863,1.0,1.0,1.0,True,False,2.5118864315095824,2.5118864315095824,0.0006066500525353381,False,False,,,2.1406635447374533,1.9401407362926781,2.373294058587404,,,,
gamma,110.0,0.1,0.02379656009924989,LR,0.0013170518795703164,0.0011988553121568002,0.0014391220273097395,-9.650419734584848e-05,0.0013168076951111183,2.171024092169837,1.9216315087938465,2.4453081413408047,False,False,,,,,,,,2.1406635447374533,1.9401407362926781,2.373294058587404,,,,
gamma,110.0,0.1,0.02379656009924989,LR (parity),0.0013170518795703164,0.0011988553121568002,0.0014391220273097395,-9.650419734584848e-05,0.0013168076951111183,2.171024092169837,1.9216315087938465,2.4453081413408047,False,False,,,,,,,,2.1406635447374533,1.9401407362926781,2.373294058587404,1.0,1.0,1.0,call
gamma,110.0,0.1,0.02379656009924989,Pathwise-LR,0.0006152540331749561,0.0005581520448382067,0.0006776963638689505,-8.704451710824581e-06,0.0006167362286562625,1.014182774078169,0.8939790959668091,1.1502738912634278,False,True,,,,,,,,2.1406635447374533,1.9401407362926781,2.373294058587404,,,,
gamma,110.0,0.1,0.02379656009924989,Pathwise-LR (parity),0.0006152540331749561,0.0005581520448382067,0.0006776963638689505,-8.704451710824581e-06,0.0006167362286562625,1.014182774078169,0.8939790959668091,1.1502738912634278,False,True,,,,,,,,2.1406635447374533,1.9401407362926781,2.373294058587404,1.0,1.0,1.0,call
gamma,110.0,0.1,0.02379656009924989,Smoothed AD,0.0006863880894128801,0.0006263269787180496,0.0007492967114886491,0.0003412602416971739,0.0005970362788945338,1.1314399241280824,1.102724677738177,1.1601055852602882,False,False,0.6309573444801934,0.6309573444801934,0.0006863880894128801,False,False,,,2.1406635447374533,1.9401407362926781,2.373294058587404,,,,
digital delta,110.0,0.1,0.021633236453863537,"FD, CRN",0.0005752967883061387,0.0005206127344792762,0.0006265086758473587,0.0001947120607804098,0.0005427027171648348,1.0413948365195465,0.9097065123743133,1.188105034969612,False,True,1.584893192461114,1.584893192461114,0.0005752967883061387,False,False,,,,,,,,,
digital delta,110.0,0.1,0.021633236453863537,Smoothed AD,0.000652382362398828,0.0005932715283251886,0.0007091171722938465,0.00036350738785550997,0.0005430836260355113,1.180934149900092,1.0312934808827978,1.3370379368079646,False,False,0.6309573444801934,0.6309573444801934,0.000652382362398828,False,False,,,,,,,,,
digital delta,110.0,0.1,0.021633236453863537,LR,0.0005524290769760703,0.0004999054373929984,0.0006072134935498517,-5.895928116005853e-06,0.0005537838076799705,1.0,1.0,1.0,True,False,,,,,,,,,,,,,,
digital delta,110.0,0.1,0.021633236453863537,LR (parity),0.0005524290769760703,0.0004999054373929984,0.0006072134935498517,-5.895928116005992e-06,0.0005537838076799704,1.0,0.9999999999999996,1.0000000000000002,False,True,,,,,,,,,,,1.0,0.9999999999999996,1.0000000000000002,call
gamma,120.0,0.1,0.0013527925129982023,"FD, CRN",0.00017203596902329183,0.00015715383975175898,0.00018689569179732233,0.00010205485621872574,0.0001388436847824853,1.0,1.0,1.0,True,False,2.5118864315095824,2.5118864315095824,0.00017203596902329183,False,False,,,1.5620539090616958,1.4001590695431974,1.7413530964116195,,,,
gamma,120.0,0.1,0.0013527925129982023,LR,0.0003235966403552808,0.0002908121336775348,0.00035577712574124846,1.9175240609655523e-05,0.00032383862194324084,1.8809824607752188,1.6450811348251944,2.1328182141832155,False,False,,,,,,,,1.5620539090616958,1.4001590695431974,1.7413530964116195,,,,
gamma,120.0,0.1,0.0013527925129982023,LR (parity),0.0003235966403552808,0.0002908121336775348,0.00035577712574124846,1.9175240609655523e-05,0.00032383862194324084,1.8809824607752188,1.6450811348251944,2.1328182141832155,False,False,,,,,,,,1.5620539090616958,1.4001590695431974,1.7413530964116195,1.0,1.0,1.0,call
gamma,120.0,0.1,0.0013527925129982023,Pathwise-LR,0.00020716099391836023,0.00018733355124835488,0.00022493299931814398,7.490929856838599e-06,0.00020754502658803934,1.2041725639962702,1.0581109292577766,1.3574440797916463,False,False,,,,,,,,1.5620539090616958,1.4001590695431974,1.7413530964116195,,,,
gamma,120.0,0.1,0.0013527925129982023,Pathwise-LR (parity),0.00020716099391836023,0.00018733355124835488,0.00022493299931814398,7.490929856838599e-06,0.00020754502658803934,1.2041725639962702,1.0581109292577766,1.3574440797916463,False,False,,,,,,,,1.5620539090616958,1.4001590695431974,1.7413530964116195,1.0,1.0,1.0,call
gamma,120.0,0.1,0.0013527925129982023,Smoothed AD,0.00018437736169790394,0.0001673507296982992,0.00020096497402955166,0.0001025096171045179,0.00015363858232115104,1.0717372811318384,1.0437096547916025,1.0993223631903328,False,False,0.6309573444801934,0.6309573444801934,0.00018437736169790394,False,False,,,1.5620539090616958,1.4001590695431974,1.7413530964116195,,,,
digital delta,120.0,0.1,0.001127327094165168,"FD, CRN",0.00014464252776309617,0.00013137617199966128,0.0001574754937390829,6.849482541744278e-05,0.00012771639328725028,1.0,1.0,1.0,True,False,1.584893192461114,1.584893192461114,0.00014464252776309617,False,False,,,,,,,,,
digital delta,120.0,0.1,0.001127327094165168,Smoothed AD,0.00015658519886166451,0.0001428968276064214,0.00017027921177312637,9.033667928684908e-05,0.00012822016585793038,1.0825668030230275,1.0209705116712766,1.14635442727949,False,False,0.6309573444801934,0.6309573444801934,0.00015658519886166451,False,False,,,,,,,,,
digital delta,120.0,0.1,0.001127327094165168,LR,0.0001723852687738731,0.00015637207755988167,0.00018901578218378525,6.07044351427251e-06,0.00017271066985915053,1.1918021030178316,1.0393996658304754,1.3608396030440841,False,False,,,,,,,,,,,,,,
digital delta,120.0,0.1,0.001127327094165168,LR (parity),0.0001723852687738731,0.00015637207755988167,0.00018901578218378525,6.0704435142724986e-06,0.0001727106698591505,1.1918021030178316,1.0393996658304754,1.3608396030440841,False,False,,,,,,,,,,,1.0,0.9999999999999999,1.0000000000000002,call
gamma,80.0,0.25,0.0022050842423748723,"FD, CRN",0.0001577131875818221,0.00014193476258617146,0.00017289459467964037,5.504755410510506e-05,0.0001481653847240192,1.0543792542571495,0.9374749162014265,1.196860378627672,False,True,2.5118864315095824,2.5118864315095824,0.0001577131875818221,False,False,,,4.024823612567576,3.540697834683705,4.55934120051085,,,,
gamma,80.0,0.25,0.0022050842423748723,LR,0.0027742134057578776,0.002494216881470664,0.0030575378567311556,-1.143810067443185e-05,0.0027811514174119587,18.546788044567553,16.047671936744067,21.48473527963134,False,False,,,,,,,,4.024823612567576,3.540697834683705,4.55934120051085,,,,
gamma,80.0,0.25,0.0022050842423748723,LR (parity),0.00025993273453599896,0.0002342898760485511,0.00028525546499366265,1.5045766628566823e-07,0.00026058496978575714,1.737760088419372,1.5600088222005568,1.9418191411271628,False,False,,,,,,,,4.024823612567576,3.540697834683705,4.55934120051085,0.09369601271355289,0.0809450742625497,0.10804478649372716,put
gamma,80.0,0.25,0.0022050842423748723,Pathwise-LR,0.0006892757727556935,0.0006313457149933036,0.0007484501670142986,4.878382676169423e-06,0.0006909881441582479,4.6080995914094,4.055682835199669,5.309696640487831,False,False,,,,,,,,4.024823612567576,3.540697834683705,4.55934120051085,,,,
gamma,80.0,0.25,0.0022050842423748723,Pathwise-LR (parity),0.00014957918314974537,0.00013442699950780586,0.00016381350042736064,8.737677291903339e-06,0.0001496984742515898,1.0,1.0,1.0,True,False,,,,,,,,4.024823612567576,3.540697834683705,4.55934120051085,0.21700919873004462,0.1883346768067134,0.24656760423297597,put
gamma,80.0,0.25,0.0022050842423748723,Smoothed AD,0.00016088797946794587,0.0001452867993282059,0.00017562274733165636,9.468608387523402e-05,0.0001304013420471153,1.0756040785894594,0.9526295724880526,1.221556866108997,False,True,0.6309573444801934,0.6309573444801934,0.00016088797946794587,False,False,,,4.024823612567576,3.540697834683705,4.55934120051085,,,,
digital delta,80.0,0.25,0.002756355302968591,"FD, CRN",0.0002109361579466888,0.00018986232372644168,0.00023089219733139272,5.477028006491278e-05,0.00020421261742728823,1.123702384755047,0.9972106279753685,1.2690628138102156,False,True,1.584893192461114,1.584893192461114,0.0002109361579466888,False,False,,,,,,,,,
digital delta,80.0,0.25,0.002756355302968591,Smoothed AD,0.00019340120894913225,0.0001746744888180486,0.00021132123649651458,0.00010516438011351522,0.0001627171321768093,1.0302899314472913,0.9176865766586408,1.162384729021819,False,True,0.6309573444801934,0.6309573444801934,0.00019340120894913225,False,False,,,,,,,,,
digital delta,80.0,0.25,0.002756355302968591,LR,0.0006687266227845853,0.0006089594426107458,0.000722134122912238,1.040189947689383e-05,0.0006703236273135714,3.562450876545053,3.118503577815312,4.062463658065736,False,False,,,,,,,,,,,,,,
digital delta,80.0,0.25,0.002756355302968591,LR (parity),0.00018771532463435168,0.00016925691906623854,0.00020510075897531288,1.0644646033979667e-05,0.00018788356977754358,1.0,1.0,1.0,True,False,,,,,,,,,,,0.28070562504705276,0.24615604890866305,0.32066671614392245,put
gamma,90.0,0.25,0.018755674326845672,"FD, CRN",0.0004024634477565562,0.0003613098316024855,0.0004423040665963078,0.00019893911629338727,0.00035073512860947346,3.5464014478547834,3.0596742630797267,4.079365596458285,False,False,3.981071705534973,3.981071705534973,0.0004024634477565562,False,False,,,4.362557033320807,3.907436113493574,4.861495558459108,,,,
gamma,90.0,0.25,0.018755674326845672,LR,0.0025754087923059716,0.0023401599679889547,0.0028183607559629335,0.0002464637811080546,0.00257002161617893,22.693821068134632,19.875444047316776,25.79158911639715,False,False,,,,,,,,4.362557033320807,3.907436113493574,4.861495558459108,,,,
gamma,90.0,0.25,0.018755674326845672,LR (parity),0.0007372697555602092,0.000665880550513943,0.0008021755332176802,-2.8790363840578668e-05,0.0007385561136969439,6.496626074126938,5.711997213566874,7.345194296798711,False,False,,,,,,,,4.362557033320807,3.907436113493574,4.861495558459108,0.28627290462112304,0.251326042686005,0.3242252476690623,put
gamma,90.0,0.25,0.018755674326845672,Pathwise-LR,0.0005903438677443613,0.0005382817278238939,0.0006435907734837895,7.841592397278752e-05,0.0005865809501734589,5.201954013391991,4.784556971110445,5.645699067959949,False,False,,,,,,,,4.362557033320807,3.907436113493574,4.861495558459108,,,,
gamma,90.0,0.25,0.018755674326845672,Pathwise-LR (parity),0.00033297329493294794,0.0002943378453584373,0.00037251417725302796,-1.2666877884027812e-05,0.0003335672358721883,2.9340726016973995,2.5318481542522218,3.396581665534144,False,False,,,,,,,,4.362557033320807,3.907436113493574,4.861495558459108,0.5640327834778772,0.48532080594747373,0.6496648352286205,put
gamma,90.0,0.25,0.018755674326845672,Smoothed AD,0.00011348502240207638,0.00010423912774316776,0.00012341033637853978,-8.325720729643424e-05,7.73108828421167e-05,1.0,1.0,1.0,True,False,6.309573444801936,6.309573444801936,0.00011348502240207638,False,False,,,4.362557033320807,3.907436113493574,4.861495558459108,,,,
digital delta,90.0,0.25,0.02083963814093964,"FD, CRN",0.00044615059539877816,0.000400000162152172,0.0004919556310572296,0.0001224714648032272,0.00043008833273340855,1.9874091258387192,1.7434968682068925,2.275118170534968,False,False,2.5118864315095824,2.5118864315095824,0.00044615059539877816,False,False,,,,,,,,,
digital delta,90.0,0.25,0.02083963814093964,Smoothed AD,0.00022448855124910193,0.00020615890332628786,0.00024096386600687812,-0.00016931310615012608,0.00014777472236674865,1.0,1.0,1.0,True,False,3.981071705534973,3.981071705534973,0.00022448855124910193,False,False,,,,,,,,,
digital delta,90.0,0.25,0.02083963814093964,LR,0.0005375711227121276,0.0004906177307751026,0.0005825773190729271,6.941006766505409e-05,0.0005344089436715017,2.3946482781458913,2.1900063066002162,2.5998209726296353,False,False,,,,,,,,,,,,,,
digital delta,90.0,0.25,0.02083963814093964,LR (parity),0.0003765031105520404,0.0003335311261421169,0.0004221813620339404,-1.4638054251771767e-05,0.0003771625346062853,1.677159518635125,1.4609740489214775,1.93692882234737,False,False,,,,,,,,,,,0.7003782283775313,0.6056415556603423,0.8187120495923732,put
gamma,100.0,0.25,0.03928800094473793,"FD, CRN",0.0006167819973207689,0.0005582658036190337,0.0006730273051898665,-0.0001842292112116309,0.0005901023077598108,1.573017959519885,1.3665794898357342,1.8233283620388703,False,False,2.5118864315095824,2.5118864315095824,0.0006167819973207689,False,False,,,3.593108872170119,3.233354474109941,4.006918257427714,,,,
gamma,100.0,0.25,0.03928800094473793,LR,0.0017008806293449712,0.0015173029476892442,0.0018686051115701411,-5.2976008777896184e-05,0.00170432157114326,4.337862954141434,3.7350563962147376,4.989474390949764,False,False,,,,,,,,3.593108872170119,3.233354474109941,4.006918257427714,,,,
gamma,100.0,0.25,0.03928800094473793,LR (parity),0.0013218417888827476,0.001185674229355464,0.0014629569147244282,-1.0732272984252528e-05,0.001325115158797039,3.3711763355425655,2.99362113022087,3.768743263014769,False,False,,,,,,,,3.593108872170119,3.233354474109941,4.006918257427714,0.777151415612161,0.68237043436976,0.892198866267611,put
gamma,100.0,0.25,0.03928800094473793,Pathwise-LR,0.00047337297305931493,0.0004186342479958826,0.0005256109830423446,-2.8709344911172288e-05,0.0004736872843496636,1.2072728961094652,1.0638921217641517,1.350530953061134,False,False,,,,,,,,3.593108872170119,3.233354474109941,4.006918257427714,,,,
gamma,100.0,0.25,0.03928800094473793,Pathwise-LR (parity),0.0003921010523675283,0.00034928814146797856,0.0004340230291891805,2.884925261199621e-05,0.0003920195819786634,1.0,1.0,1.0,True,False,,,,,,,,3.593108872170119,3.233354474109941,4.006918257427714,0.8283131371726982,0.7404495249941142,0.9399449244386398,put
gamma,100.0,0.25,0.03928800094473793,Smoothed AD,0.0006441182008317559,0.0005834018174993958,0.0007017505674140916,-0.0002489733639844857,0.0005955450361807954,1.6427352003840179,1.4241095637230794,1.9091670088011916,False,False,0.6309573444801934,0.6309573444801934,0.0006441182008317559,False,False,,,3.593108872170119,3.233354474109941,4.006918257427714,,,,
digital delta,100.0,0.25,0.03928800094473793,"FD, CRN",0.0006345499836328416,0.0005775783003312361,0.0006940618886605366,-0.0004101468252054599,0.00048539810475818266,1.4999106809502583,1.312755817748359,1.7171591189061841,False,False,2.5118864315095824,2.5118864315095824,0.0006345499836328416,False,False,,,,,,,,,
digital delta,100.0,0.25,0.03928800094473793,Smoothed AD,0.000646185510051344,0.0005828365661341208,0.0007035331330869194,-0.00025290267454983737,0.0005961315414229068,1.5274140310467714,1.3250313338184425,1.7538546214898398,False,False,0.6309573444801934,0.6309573444801934,0.000646185510051344,False,False,,,,,,,,,
digital delta,100.0,0.25,0.03928800094473793,LR,0.0004230585138781909,0.00037481987897502273,0.00046953850154914513,-2.732080574099554e-05,0.00042323482646178457,1.0,1.0,1.0,True,False,,,,,,,,,,,,,,
digital delta,100.0,0.25,0.03928800094473793,LR (parity),0.0004233267711755993,0.0003811430108943598,0.00046392848704932964,2.8719843845477107e-05,0.00042341127916016824,1.0006340902939153,0.9029860409187139,1.1160125402123469,False,True,,,,,,,,,,,1.0006340902939153,0.9029860409187139,1.1160125402123469,put
gamma,110.0,0.25,0.029474056882908363,"FD, CRN",0.000512710731528367,0.0004624092575678927,0.000566431594905695,-0.00017943830237992898,0.0004814907648611709,1.061815516804149,0.9261197924724334,1.2271843662677653,False,True,3.981071705534973,3.981071705534973,0.000512710731528367,False,False,,,2.4997227748731405,2.2646740677913852,2.7649719216784447,,,,
gamma,110.0,0.25,0.029474056882908363,LR,0.0012070220035781637,0.001103873655991948,0.0013098112505307105,0.00016305524407003244,0.001198958972438616,2.4997227748731405,2.2646740677913852,2.7649719216784447,False,False,,,,,,,,2.4997227748731405,2.2646740677913852,2.7649719216784447,,,,
gamma,110.0,0.25,0.029474056882908363,LR (parity),0.0012070220035781637,0.001103873655991948,0.0013098112505307105,0.00016305524407003244,0.001198958972438616,2.4997227748731405,2.2646740677913852,2.7649719216784447,False,False,,,,,,,,2.4997227748731405,2.2646740677913852,2.7649719216784447,1.0,1.0,1.0,call
gamma,110.0,0.25,0.029474056882908363,Pathwise-LR,0.0004828623460613225,0.0004337361731366747,0.0005317557961262083,6.6803546581355355e-06,0.0004840277184901913,1.0,1.0,1.0,True,False,,,,,,,,2.4997227748731405,2.2646740677913852,2.7649719216784447,,,,
gamma,110.0,0.25,0.029474056882908363,Pathwise-LR (parity),0.0004828623460613225,0.0004337361731366747,0.0005317557961262083,6.6803546581355355e-06,0.0004840277184901913,1.0,1.0,1.0,False,True,,,,,,,,2.4997227748731405,2.2646740677913852,2.7649719216784447,1.0,1.0,1.0,call
gamma,110.0,0.25,0.029474056882908363,Smoothed AD,0.0005105715453272508,0.0004598448999403114,0.0005631119642467261,-7.388400850071317e-05,0.0005064651924282958,1.0573852972631859,0.924302339118534,1.218213081661125,False,True,1.0,1.584893192461114,0.0004936541999551993,False,False,,,2.4997227748731405,2.2646740677913852,2.7649719216784447,,,,
digital delta,110.0,0.25,0.026794597166280326,"FD, CRN",0.00048650989514221533,0.0004411646830858831,0.0005342837596982658,-8.750899214168758e-05,0.00047977596778282376,1.2941484777891805,1.2261882576343486,1.372436624487158,False,False,2.5118864315095824,3.981071705534973,0.00047179367505389345,False,False,,,,,,,,,
digital delta,110.0,0.25,0.026794597166280326,Smoothed AD,0.00037593050835506124,0.00033701712149445984,0.0004151166983354023,-0.00013596110907541798,0.00035136249364549566,1.0,1.0,1.0,True,False,1.584893192461114,1.584893192461114,0.00037593050835506124,False,False,,,,,,,,,
digital delta,110.0,0.25,0.026794597166280326,LR,0.00042501488589058906,0.00038225888460753085,0.00046776270490435167,2.4671729328265732e-06,0.00042607424540719015,1.1305676885611218,0.9812757551907939,1.2976990177273127,False,True,,,,,,,,,,,,,,
digital delta,110.0,0.25,0.026794597166280326,LR (parity),0.00042501488589058906,0.00038225888460753085,0.0004677627049043517,2.4671729328265732e-06,0.00042607424540719015,1.1305676885611218,0.9812757551907944,1.2976990177273127,False,True,,,,,,,,,,,1.0,0.9999999999999996,1.0000000000000007,call
gamma,120.0,0.25,0.010256630490630575,"FD, CRN",0.00035309938205945016,0.00031546313831543434,0.00038799534672678685,0.00018562283908855364,0.0003011257524914436,1.0,1.0,1.0,True,False,3.981071705534973,3.981071705534973,0.00035309938205945016,False,False,,,1.7239735581811995,1.560489325024607,1.898125750935438,,,,
gamma,120.0,0.25,0.010256630490630575,LR,0.000650027630380972,0.0005882839370840351,0.0007109066084152028,-3.0303919200335403e-05,0.000650950285436878,1.840919761993605,1.6152586517792193,2.101129848572316,False,False,,,,,,,,1.7239735581811995,1.560489325024607,1.898125750935438,,,,
gamma,120.0,0.25,0.010256630490630575,LR (parity),0.000650027630380972,0.0005882839370840351,0.0007109066084152028,-3.0303919200335403e-05,0.000650950285436878,1.840919761993605,1.6152586517792193,2.101129848572316,False,False,,,,,,,,1.7239735581811995,1.560489325024607,1.898125750935438,1.0,1.0,1.0,call
gamma,120.0,0.25,0.010256630490630575,Pathwise-LR,0.0003770519723439113,0.0003383680862842697,0.00041482597563678427,9.591312189973344e-06,0.00037787583584490496,1.0678352653713463,0.9333269404076324,1.2135604591026639,False,True,,,,,,,,1.7239735581811995,1.560489325024607,1.898125750935438,,,,
gamma,120.0,0.25,0.010256630490630575,Pathwise-LR (parity),0.0003770519723439113,0.0003383680862842697,0.00041482597563678427,9.591312189973344e-06,0.00037787583584490496,1.0678352653713463,0.9333269404076324,1.2135604591026639,False,True,,,,,,,,1.7239735581811995,1.560489325024607,1.898125750935438,1.0,1.0,1.0,call
gamma,120.0,0.25,0.010256630490630575,Smoothed AD,0.00040061452777001875,0.00036051149868585204,0.0004384613385128946,0.00023723429939619074,0.00032362874543953514,1.1345659271150144,1.1080124746811575,1.1632641883642454,False,False,1.0,1.0,0.00040061452777001875,False,False,,,1.7239735581811995,1.560489325024607,1.898125750935438,,,,
digital delta,120.0,0.25,0.008547192075525479,"FD, CRN",0.0003161359573013208,0.00028547350779509244,0.00034573326696044375,0.00015780342365165679,0.00027462175537503315,1.0134070465274214,0.8868885417001011,1.1552013537791668,False,True,2.5118864315095824,2.5118864315095824,0.0003161359573013208,False,False,,,,,,,,,
digital delta,120.0,0.25,0.008547192075525479,Smoothed AD,0.00035676805838492334,0.00031733373847751616,0.0003936640975323152,0.00010207643672120772,0.00034271140055504626,1.1436575182068898,1.002999962050598,1.302279199653293,False,False,0.6309573444801934,1.0,0.00035519035140598446,False,False,,,,,,,,,
digital delta,120.0,0.25,0.008547192075525479,LR,0.00031195358112478513,0.0002807150697132833,0.0003418130843902935,9.440152683068831e-06,0.00031259317452191223,1.0000000000000002,0.9999999999999997,1.0000000000000004,False,True,,,,,,,,,,,,,,
digital delta,120.0,0.25,0.008547192075525479,LR (parity),0.0003119535811247851,0.00028071506971328317,0.0003418130843902935,9.440152683068909e-06,0.00031259317452191223,1.0,1.0,1.0,True,False,,,,,,,,,,,0.9999999999999998,0.9999999999999994,1.0000000000000002,call
gamma,80.0,1.0,0.006813597181997181,"FD, CRN",0.00022350225093000585,0.00020069635784909255,0.0002455170999116435,6.778755787553274e-05,0.00021350886008483165,1.500165438979592,1.3269674296346041,1.7074211044335548,False,False,3.981071705534973,6.309573444801936,0.00021546647446006123,False,False,,,3.7013601107014584,3.3087124637264886,4.1674901483739575,,,,
gamma,80.0,1.0,0.006813597181997181,LR,0.001182950341497772,0.001054354756510254,0.0013151140389818551,3.782243980737102e-05,0.0011853125336843695,7.940059712865358,6.911343484967431,9.070082355033671,False,False,,,,,,,,3.7013601107014584,3.3087124637264886,4.1674901483739575,,,,
gamma,80.0,1.0,0.006813597181997181,LR (parity),0.00027951343396636957,0.00025675532226130304,0.00030164771654160615,2.480743969617196e-05,0.0002791090467960683,1.8761170933270341,1.6955643819296982,2.0932838190516354,False,False,,,,,,,,3.7013601107014584,3.3087124637264886,4.1674901483739575,0.23628501058841447,0.20691150682611353,0.271875301636656,put
gamma,80.0,1.0,0.006813597181997181,Pathwise-LR,0.0003195988247881092,0.0002879891142199997,0.0003501871339297291,-1.073444284643456e-05,0.0003202200570975449,2.1451735241618,1.8882603567173815,2.445863784903174,False,False,,,,,,,,3.7013601107014584,3.3087124637264886,4.1674901483739575,,,,
gamma,80.0,1.0,0.006813597181997181,Pathwise-LR (parity),0.0001489850686615147,0.0001355619801075581,0.00016137925277206962,1.1464006394778748e-05,0.00014891610818795243,1.0,1.0,1.0,True,False,,,,,,,,3.7013601107014584,3.3087124637264886,4.1674901483739575,0.46616275501103704,0.40885352082432086,0.5295879864121612,put
gamma,80.0,1.0,0.006813597181997181,Smoothed AD,0.00018275064743598934,0.00016641569017842865,0.00019956238061328348,0.0001106067528707249,0.00014584339834862957,1.2266373340484746,1.0910664698345174,1.385944384486907,False,False,1.584893192461114,1.584893192461114,0.00018275064743598934,False,False,,,3.7013601107014584,3.3087124637264886,4.1674901483739575,,,,
digital delta,80.0,1.0,0.008516996477496474,"FD, CRN",0.0002482760168854562,0.00022345170766427505,0.00027285942349167795,0.00011078692511435665,0.00022274495360387683,1.328377178159476,1.1646979946459413,1.5193257218017728,False,False,3.981071705534973,3.981071705534973,0.0002482760168854562,False,False,,,,,,,,,
digital delta,80.0,1.0,0.008516996477496474,Smoothed AD,0.00018850949960715782,0.00017099496918936981,0.0002051380689596828,0.0001259731471601937,0.0001405895613496952,1.0086021206790194,0.8969705386847342,1.1379994114041203,False,True,2.5118864315095824,2.5118864315095824,0.00018850949960715782,False,False,,,,,,,,,
digital delta,80.0,1.0,0.008516996477496474,LR,0.0002621884138557708,0.00023599483304080862,0.0002871306169991948,-1.4381648946459785e-05,0.00026245063193829386,1.4028141328871138,1.2259696543502776,1.6078140489784094,False,False,,,,,,,,,,,,,,
digital delta,80.0,1.0,0.008516996477496474,LR (parity),0.00018690174821390214,0.00017052835854491094,0.0002031288592237651,1.511840001324546e-05,0.00018675676133940179,1.0,1.0,1.0,True,False,,,,,,,,,,,0.7128528124691137,0.6219624723633732,0.8156808746930733,put
gamma,90.0,1.0,0.013581289746314732,"FD, CRN",0.0001828104728172494,0.00016478237494877568,0.0001995327844345431,8.6500429627543e-05,0.0001614548948196458,1.0771037161896195,0.9469467367037506,1.2210538795806458,False,True,10.0,10.0,0.0001828104728172494,False,False,,,4.016025322907125,3.6401000728651627,4.460824307152265,,,,
gamma,90.0,1.0,0.013581289746314732,LR,0.001160609023725403,0.0010566597064704942,0.0012664093223342392,-6.516790812502106e-05,0.0011616858524585959,6.838209393766651,5.996987249946022,7.818663691842641,False,False,,,,,,,,4.016025322907125,3.6401000728651627,4.460824307152265,,,,
gamma,90.0,1.0,0.013581289746314732,LR (parity),0.00043286353611781645,0.00038683122450606535,0.00047768684848157776,2.1852626905905294e-06,0.00043394424013359006,2.550395041216079,2.2430056190612575,2.880283862736166,False,False,,,,,,,,4.016025322907125,3.6401000728651627,4.460824307152265,0.37296240789889873,0.3225126853573428,0.42614391798357654,put
gamma,90.0,1.0,0.013581289746314732,Pathwise-LR,0.0002889944485920871,0.0002573827829224314,0.0003187165802122385,-1.8747187675692538e-05,0.000289109417952861,1.7027306463338234,1.4678862527326684,1.9571134431079118,False,False,,,,,,,,4.016025322907125,3.6401000728651627,4.460824307152265,,,,
gamma,90.0,1.0,0.013581289746314732,Pathwise-LR (parity),0.00016972411297954003,0.00015539997552896565,0.00018421014296046242,-4.964376413131482e-06,0.00017007722010165837,1.0,1.0,1.0,True,False,,,,,,,,4.016025322907125,3.6401000728651627,4.460824307152265,0.587291949054371,0.5109565973004441,0.6812516995800124,put
gamma,90.0,1.0,0.013581289746314732,Smoothed AD,0.00022045537294060937,0.00020172127769417614,0.00024103847864351366,-7.514420638948913e-05,0.00020777335860791462,1.2989042574474077,1.153161190424622,1.46010287185275,False,False,1.584893192461114,1.584893192461114,0.00022045537294060937,False,False,,,4.016025322907125,3.6401000728651627,4.460824307152265,,,,
digital delta,90.0,1.0,0.015090321940349708,"FD, CRN",0.00016781300030243215,0.00015428242655179673,0.00018206800663324635,-6.824528054269278e-05,0.00015369415807141027,1.0,1.0,1.0,True,False,10.0,10.0,0.00016781300030243215,False,False,,,,,,,,,
digital delta,90.0,1.0,0.015090321940349708,Smoothed AD,0.00026607676650503167,0.00024319812988189354,0.00028896530975690114,-0.00013386294236039287,0.00023052825143556911,1.585555147846167,1.4425078427452227,1.7436480483624293,False,False,1.584893192461114,1.584893192461114,0.00026607676650503167,False,False,,,,,,,,,
digital delta,90.0,1.0,0.015090321940349708,LR,0.00021482853623710252,0.0001909179606262186,0.00023888593371120705,-1.1359881023803534e-05,0.00021506631695442877,1.2801662317576057,1.1433484645937215,1.4385152210047154,False,False,,,,,,,,,,,,,,
digital delta,90.0,1.0,0.015090321940349708,LR (parity),0.0001983878911773734,0.00018156237621024343,0.00021410823944827787,-4.076086773974214e-06,0.0001988437453321198,1.1821961994591554,1.0528419848328385,1.3254191392171137,False,False,,,,,,,,,,,0.9234708509972629,0.8095044611106418,1.0609300121149063,put
gamma,100.0,1.0,0.01876201734584689,"FD, CRN",0.00031272251627392176,0.0002839104540532862,0.0003412792708273777,-0.00010152919357358072,0.00029652458444942836,1.9740353683627891,1.7254201136443879,2.257160898890753,False,False,6.309573444801936,6.309573444801936,0.00031272251627392176,False,False,,,3.4196169513189068,3.152108903719547,3.715722651477398,,,,
gamma,100.0,1.0,0.01876201734584689,LR,0.0009553463500292827,0.0008672898891580238,0.0010422488445719009,0.00015751682369089537,0.0009446357936697161,6.030545886060227,5.323948685044212,6.816340725249427,False,False,,,,,,,,3.4196169513189068,3.152108903719547,3.715722651477398,,,,
gamma,100.0,1.0,0.01876201734584689,LR (parity),0.00057447655792149,0.0005197770376016713,0.0006289640311196796,-8.406429990746639e-05,0.0005697187078839481,3.6263363992601136,3.2330606437886984,4.063165527996297,False,False,,,,,,,,3.4196169513189068,3.152108903719547,3.715722651477398,0.6013280501923532,0.5290949135014147,0.6813057390449322,put
gamma,100.0,1.0,0.01876201734584689,Pathwise-LR,0.0002793723284301818,0.00025137766491098744,0.0003049349999805433,3.996722336474127e-05,0.0002771925277423532,1.7635150287035264,1.555352192075204,1.9995620949281236,False,False,,,,,,,,3.4196169513189068,3.152108903719547,3.715722651477398,,,,
gamma,100.0,1.0,0.01876201734584689,Pathwise-LR (parity),0.00015841788920594935,0.0001421831021302573,0.00017334348957736255,-1.240803938846723e-05,0.00015832752827620643,1.0,1.0,1.0,True,False,,,,,,,,3.4196169513189068,3.152108903719547,3.715722651477398,0.5670493212270294,0.500109517801614,0.6429412084292295,put
gamma,100.0,1.0,0.01876201734584689,Smoothed AD,0.000348723435765035,0.00032049452355420666,0.00037597460771708743,-0.00019151060278961045,0.00029216179807119115,2.201288235267932,1.9321978224078369,2.501517357300157,False,False,1.584893192461114,1.584893192461114,0.000348723435765035,False,False,,,3.4196169513189068,3.152108903719547,3.715722651477398,,,,
digital delta,100.0,1.0,0.01876201734584689,"FD, CRN",0.00034460564432087714,0.0003130866387302884,0.00037626495549886467,-0.00011711550685844124,0.0003249074211412546,1.8326094614046924,1.6085466841820475,2.111527208990684,False,False,3.981071705534973,3.981071705534973,0.00034460564432087714,False,False,,,,,,,,,
digital delta,100.0,1.0,0.01876201734584689,Smoothed AD,0.00035469335101875876,0.0003245782215753582,0.0003838429911686271,-0.0002031659934874317,0.0002914716641496943,1.8862557874097285,1.6640235753462118,2.1499363123981623,False,False,1.584893192461114,1.584893192461114,0.00035469335101875876,False,False,,,,,,,,,
digital delta,100.0,1.0,0.01876201734584689,LR,0.0002017963367938547,0.00018175458044701392,0.00022130238397621597,2.6239152887806287e-05,0.00020058524522546507,1.0731509543728668,0.944459349293192,1.214462106499212,False,True,,,,,,,,,,,,,,
digital delta,100.0,1.0,0.01876201734584689,LR (parity),0.00018804096103309292,0.00016954127896416662,0.00020546983598106704,-1.672396273384542e-05,0.0001877657904332181,1.0,1.0,1.0,True,False,,,,,,,,,,,0.93183535449995,0.8234098026999888,1.0588068202808585,put
gamma,110.0,1.0,0.019788024019409666,"FD, CRN",0.0003451498537275202,0.00031201134588524715,0.0003793638417700277,-0.00020794226318881156,0.0002761698492526379,1.319858163093028,1.1420364193776715,1.51176062290057,False,False,6.309573444801936,6.309573444801936,0.0003451498537275202,False,False,,,3.1466558126957787,2.830944057132379,3.520511160212588,,,,
gamma,110.0,1.0,0.019788024019409666,LR,0.0008228670503030783,0.0007266895384746669,0.0009169711752364852,-0.00010119529697800391,0.000818670140127085,3.1466558126957787,2.830944057132379,3.520511160212588,False,False,,,,,,,,3.1466558126957787,2.830944057132379,3.520511160212588,,,,
gamma,110.0,1.0,0.019788024019409666,LR (parity),0.0008228670503030783,0.0007266895384746669,0.0009169711752364852,-0.00010119529697800391,0.000818670140127085,3.1466558126957787,2.830944057132379,3.520511160212588,False,False,,,,,,,,3.1466558126957787,2.830944057132379,3.520511160212588,1.0,1.0,1.0,call
gamma,110.0,1.0,0.019788024019409666,Pathwise-LR,0.0002615052612310077,0.0002347803999064391,0.0002864991909960017,-2.6186511658807635e-05,0.0002608437570396761,1.0,1.0,1.0,True,False,,,,,,,,3.1466558126957787,2.830944057132379,3.520511160212588,,,,
gamma,110.0,1.0,0.019788024019409666,Pathwise-LR (parity),0.0002615052612310077,0.0002347803999064391,0.0002864991909960017,-2.6186511658807635e-05,0.0002608437570396761,1.0,1.0,1.0,False,True,,,,,,,,3.1466558126957787,2.830944057132379,3.520511160212588,1.0,1.0,1.0,call
gamma,110.0,1.0,0.019788024019409666,Smoothed AD,0.0003529021876421285,0.00031895590319937044,0.00038778388957709444,-0.000207451299828069,0.00028620531029393376,1.3495032030364502,1.1718981887520468,1.5514736869567756,False,False,1.584893192461114,1.584893192461114,0.0003529021876421285,False,False,,,3.1466558126957787,2.830944057132379,3.520511160212588,,,,
digital delta,110.0,1.0,0.01798911274491788,"FD, CRN",0.000337011153653796,0.000303961606804907,0.0003713630060041319,-0.00016777055554323964,0.00029301681290156404,1.6974039175109854,1.4785466615488492,1.9445533032768458,False,False,3.981071705534973,3.981071705534973,0.000337011153653796,False,False,,,,,,,,,
digital delta,110.0,1.0,0.01798911274491788,Smoothed AD,0.00030979615386310866,0.00027882436559443927,0.00034009797906626397,-0.00016916209383874989,0.000260185173634782,1.560331756073776,1.349366804847,1.795654298961844,False,False,1.584893192461114,1.584893192461114,0.00030979615386310866,False,False,,,,,,,,,
digital delta,110.0,1.0,0.01798911274491788,LR,0.00019854505470211093,0.00017985943633923966,0.00021871051119919907,-1.9608125949054818e-05,0.00019807023814704812,1.0,1.0,1.0,True,False,,,,,,,,,,,,,,
digital delta,110.0,1.0,0.01798911274491788,LR (parity),0.00019854505470211095,0.0001798594363392396,0.00021871051119919926,-1.9608125949054906e-05,0.00019807023814704815,1.0000000000000002,0.9999999999999993,1.000000000000001,False,True,,,,,,,,,,,1.0000000000000002,0.9999999999999993,1.000000000000001,call
gamma,120.0,1.0,0.017036921138505082,"FD, CRN",0.00032683494832988513,0.0002933427056475211,0.0003602186136705531,-0.00016610993295162067,0.0002821820461340672,1.104498060593871,0.9577819004859693,1.256545620598382,False,True,6.309573444801936,6.309573444801936,0.00032683494832988513,False,False,,,2.6564932421020035,2.396932628938249,2.9443715124511742,,,,
gamma,120.0,1.0,0.017036921138505082,LR,0.0007860899556983027,0.0007089654302975102,0.0008653279523687706,8.419979846493721e-06,0.0007880173724516307,2.6564932421020035,2.396932628938249,2.9443715124511742,False,False,,,,,,,,2.6564932421020035,2.396932628938249,2.9443715124511742,,,,
gamma,120.0,1.0,0.017036921138505082,LR (parity),0.0007860899556983027,0.0007089654302975102,0.0008653279523687706,8.419979846493721e-06,0.0007880173724516307,2.6564932421020035,2.396932628938249,2.9443715124511742,False,False,,,,,,,,2.6564932421020035,2.396932628938249,2.9443715124511742,1.0,1.0,1.0,call
gamma,120.0,1.0,0.017036921138505082,Pathwise-LR,0.0002959126502713379,0.0002671157751284334,0.00032413255976563703,-2.578692240469256e-05,0.0002955266676289993,1.0,1.0,1.0,True,False,,,,,,,,2.6564932421020035,2.396932628938249,2.9443715124511742,,,,
gamma,120.0,1.0,0.017036921138505082,Pathwise-LR (parity),0.0002959126502713379,0.0002671157751284334,0.00032413255976563703,-2.578692240469256e-05,0.0002955266676289993,1.0,1.0,1.0,False,True,,,,,,,,2.6564932421020035,2.396932628938249,2.9443715124511742,1.0,1.0,1.0,call
gamma,120.0,1.0,0.017036921138505082,Smoothed AD,0.00031351199688227404,0.0002847587060040131,0.00034219402712212094,-0.00020734270043818188,0.0002357470255685861,1.0594748031042214,0.9260985367770274,1.1991234502603456,False,True,2.5118864315095824,2.5118864315095824,0.00031351199688227404,False,False,,,2.6564932421020035,2.396932628938249,2.9443715124511742,,,,
digital delta,120.0,1.0,0.014197434282087574,"FD, CRN",0.0002809677530043471,0.00025931398364854955,0.00030323563649823325,-0.00020844135386721357,0.00018887415774433786,1.2759068530459963,1.1944935760688318,1.3688378586545757,False,False,6.309573444801936,6.309573444801936,0.0002809677530043471,False,False,,,,,,,,,
digital delta,120.0,1.0,0.014197434282087574,Smoothed AD,0.00022021023896343807,0.00019697223328113495,0.00024316621743033053,-9.957847682110365e-05,0.00019690233351344168,1.0,1.0,1.0,True,False,2.5118864315095824,2.5118864315095824,0.00022021023896343807,False,False,,,,,,,,,
digital delta,120.0,1.0,0.014197434282087574,LR,0.0002210022675407834,0.0001989146516473163,0.00024268857071032223,-2.373509102924518e-05,0.00022027540485018067,1.0035966927835578,0.8746366038785515,1.1572045496040961,False,True,,,,,,,,,,,,,,
digital delta,120.0,1.0,0.014197434282087574,LR (parity),0.0002210022675407833,0.00019891465164731636,0.0002426885707103222,-2.37350910292452e-05,0.00022027540485018062,1.0035966927835573,0.8746366038785511,1.1572045496040961,False,True,,,,,,,,,,,0.9999999999999996,0.9999999999999992,1.0000000000000002,call
gamma,80.0,2.0,0.00618608947989236,"FD, CRN",0.00017114235024390107,0.0001543797680902101,0.00018780589036319605,3.61782163514067e-05,0.00016769450780624513,1.4564050886413322,1.2715791387520252,1.664343537885481,False,False,6.309573444801936,6.309573444801936,0.00017114235024390107,False,False,,,3.6150567743420354,3.195446261190856,4.07053173739403,,,,
gamma,80.0,2.0,0.00618608947989236,LR,0.0008733823662470533,0.0007699927372646239,0.0009891653662153746,5.5834506881502965e-06,0.0008755561521843441,7.432400692867929,6.412861125641822,8.624871408005287,False,False,,,,,,,,3.6150567743420354,3.195446261190856,4.07053173739403,,,,
gamma,80.0,2.0,0.00618608947989236,LR (parity),0.00022151785102950082,0.00019852653961197495,0.00024558722854272757,-5.4011473588934985e-06,0.00022200770943183818,1.8850957989327637,1.7115000777158957,2.065406532167185,False,False,,,,,,,,3.6150567743420354,3.195446261190856,4.07053173739403,0.2536321542434716,0.21719093187472097,0.29513126704139264,put
gamma,80.0,2.0,0.00618608947989236,Pathwise-LR,0.0002415957537502339,0.00021791321947131902,0.0002658109644954941,3.787793186365261e-07,0.000242201719898892,2.0559568374194277,1.8052019265499022,2.348997421340223,False,False,,,,,,,,3.6150567743420354,3.195446261190856,4.07053173739403,,,,
gamma,80.0,2.0,0.00618608947989236,Pathwise-LR (parity),0.0001175101292756113,0.00010644203315298915,0.0001281108525700285,-6.213266001469145e-06,0.00011764022236273458,1.0,1.0,1.0,True,False,,,,,,,,3.6150567743420354,3.195446261190856,4.07053173739403,0.48639153400475493,0.42571353712823634,0.5539546815216669,put
gamma,80.0,2.0,0.00618608947989236,Smoothed AD,0.00011825543207601762,0.0001065957158871214,0.00012998593149860104,3.0005830434856414e-05,0.00011467234228805745,1.0063424557950937,0.879173186902207,1.1489157820632343,False,True,2.5118864315095824,3.981071705534973,0.00011652508307781511,False,False,,,3.6150567743420354,3.195446261190856,4.07053173739403,,,,
digital delta,80.0,2.0,0.00773261184986545,"FD, CRN",0.00018974325042349268,0.0001719363016404475,0.0002073589758601916,5.3513488074771775e-05,0.00018249749134461796,1.2613836778026757,1.1597358688771289,1.369807717370207,False,False,6.309573444801936,6.309573444801936,0.00018974325042349268,False,False,,,,,,,,,
digital delta,80.0,2.0,0.00773261184986545,Smoothed AD,0.00015042469136276166,0.00013698173410897545,0.00016336796236456012,-4.712104214148137e-05,0.00014321223368998618,1.0,1.0,1.0,True,False,2.5118864315095824,3.981071705534973,0.00014549068999495968,False,False,,,,,,,,,
digital delta,80.0,2.0,0.00773261184986545,LR,0.0001710400341063002,0.00015395702808752192,0.00018794036022348138,-4.2217829434578086e-07,0.00017146872206265818,1.1370475987470896,1.0122028575976612,1.2787098836421784,False,False,,,,,,,,,,,,,,
digital delta,80.0,2.0,0.00773261184986545,LR (parity),0.0001505089529491027,0.0001342858020579164,0.0001654056045106043,-7.621179777185508e-06,0.00015069308066210677,1.000560157947327,0.8714968715698431,1.1402406674723795,False,True,,,,,,,,,,,0.8799633006127818,0.7592732069976009,1.0099363031441653,put
gamma,90.0,2.0,0.009681818453569163,"FD, CRN",0.00016621533098456776,0.00015061438195258247,0.00018211330149102713,6.724413388999884e-05,0.00015238724379702389,1.4257824002974515,1.2480913634927449,1.621195620934821,False,False,10.0,10.0,0.00016621533098456776,False,False,,,3.6062806410001897,3.3193347463813745,3.907136949055627,,,,
gamma,90.0,2.0,0.009681818453569163,LR,0.0009047194854062994,0.000819710619973366,0.0009979336320330456,4.126838773245586e-05,0.0009060457282922235,7.760614570615224,6.76639132368224,8.913407742548227,False,False,,,,,,,,3.6062806410001897,3.3193347463813745,3.907136949055627,,,,
gamma,90.0,2.0,0.009681818453569163,LR (parity),0.0003023510897465757,0.00027320181324948386,0.0003312882576012162,-4.015352207689671e-08,0.00030310981120193204,2.593544529965452,2.3031110389023324,2.914058510098338,False,False,,,,,,,,3.6062806410001897,3.3193347463813745,3.907136949055627,0.3341931887437941,0.29027476948562814,0.384251230201615,put
gamma,90.0,2.0,0.009681818453569163,Pathwise-LR,0.00025087328898379315,0.00022851164691635713,0.00027508362945413294,-3.6975758226396803e-06,0.0002514755151744257,2.15197189103476,1.8979001375915237,2.451591552408269,False,False,,,,,,,,3.6062806410001897,3.3193347463813745,3.907136949055627,,,,
gamma,90.0,2.0,0.009681818453569163,Pathwise-LR (parity),0.00011657832986989555,0.00010500881564180035,0.00012812744520920787,2.3114135966354443e-06,0.00011684789908269497,1.0,1.0,1.0,True,False,,,,,,,,3.6062806410001897,3.3193347463813745,3.907136949055627,0.46469008455271105,0.40789828957613433,0.526898125846585,put
gamma,90.0,2.0,0.009681818453569163,Smoothed AD,0.00015663434577134085,0.00014250667008121817,0.00017057050502055274,-6.92356663571613e-05,0.00014085432361736122,1.3435974417042074,1.168556862693246,1.5366518832136327,False,False,2.5118864315095824,2.5118864315095824,0.00015663434577134085,False,False,,,3.6062806410001897,3.3193347463813745,3.907136949055627,,,,
digital delta,90.0,2.0,0.010757576059521294,"FD, CRN",0.00010278064087501613,9.254580818052556e-05,0.00011314186201567648,-3.9075968934528594e-05,9.530131422478732e-05,1.0,1.0,1.0,True,False,15.848931924611133,15.848931924611133,0.00010278064087501613,False,True,15.848931924611133,0.00010278064087501613,,,,,,,
digital delta,90.0,2.0,0.010757576059521294,Smoothed AD,0.00020413699030526333,0.00018703061887987972,0.00022118948405657016,-0.00013227839188253198,0.00015587115492144527,1.9861424152190206,1.8097071012212194,2.1924949054408294,False,False,2.5118864315095824,1.584893192461114,0.00020375893128705272,False,False,,,,,,,,,
digital delta,90.0,2.0,0.010757576059521294,LR,0.00015575344146873623,0.0001407663154390196,0.00017164963554840154,-4.874987203794673e-06,0.00015606778912746072,1.5153966753149202,1.341081191000986,1.7140898642126783,False,False,,,,,,,,,,,,,,
digital delta,90.0,2.0,0.010757576059521294,LR (parity),0.00014398430464706088,0.0001299033876130461,0.0001574206402497503,2.7197449269833562e-06,0.0001443198672833829,1.4008893447371034,1.2081796734779051,1.614849480233931,False,False,,,,,,,,,,,0.9244373882805169,0.8101923293183899,1.0479679928029986,put
gamma,100.0,2.0,0.012478546401807622,"FD, CRN",0.00015416949550062006,0.00013911429213786343,0.0001688075864140881,-6.917445065660597e-05,0.0001381250206367478,1.3801026114167356,1.2097687658285965,1.5828471103514161,False,False,15.848931924611133,15.848931924611133,0.00015416949550062006,False,True,15.848931924611133,0.00015416949550062006,3.7215981053898233,3.3905603826802984,4.060690298810802,,,,
gamma,100.0,2.0,0.012478546401807622,LR,0.0007917728394512477,0.0007050497758131799,0.0008787173468868119,-5.6349372623348496e-05,0.0007917469886065142,7.087833814511742,6.060294290666839,8.204822619539119,False,False,,,,,,,,3.7215981053898233,3.3905603826802984,4.060690298810802,,,,
gamma,100.0,2.0,0.012478546401807622,LR (parity),0.00034795742451824085,0.00030884432846376645,0.00038442948612728344,1.1765373603797582e-05,0.00034863112824190913,3.1148636030759698,2.7152672492313195,3.5485386894647513,False,False,,,,,,,,3.7215981053898233,3.3905603826802984,4.060690298810802,0.43946622968198673,0.377843942195907,0.5065741513173021,put
gamma,100.0,2.0,0.012478546401807622,Pathwise-LR,0.00021275076379272622,0.0001912818975726327,0.00023574978850403534,-1.2982861621847812e-05,0.00021288714730092554,1.9045134949544258,1.6724487933077457,2.1666742195236464,False,False,,,,,,,,3.7215981053898233,3.3905603826802984,4.060690298810802,,,,
gamma,100.0,2.0,0.012478546401807622,Pathwise-LR (parity),0.0001117087195004713,0.00010060417597244651,0.00012352815509145826,8.34813760901592e-06,0.00011167588876545232,1.0,1.0,1.0,True,False,,,,,,,,3.7215981053898233,3.3905603826802984,4.060690298810802,0.5250684768836094,0.4615368546460102,0.5979256310663315,put
gamma,100.0,2.0,0.012478546401807622,Smoothed AD,0.00022708315120446333,0.00020581425618363173,0.00024806559621439004,-0.000138478075765623,0.00018042546058507432,2.0328149156118944,1.781719421106628,2.3300210108960377,False,False,2.5118864315095824,2.5118864315095824,0.00022708315120446333,False,False,,,3.7215981053898233,3.3905603826802984,4.060690298810802,,,,
digital delta,100.0,2.0,0.01247854640180762,"FD, CRN",0.00020829404050572622,0.00018770944421464314,0.00022827852404813738,-5.14815806122124e-05,0.00020233822663465664,1.6094889776963859,1.4014619405821065,1.8343570612244908,False,False,6.309573444801936,6.309573444801936,0.00020829404050572622,False,False,,,,,,,,,
digital delta,100.0,2.0,0.01247854640180762,Smoothed AD,0.00023900114155158339,0.00021807135328119796,0.0002606652998357924,-0.0001578183404198673,0.00017993554705937528,1.8467628840948629,1.6222715496773228,2.0994568111363563,False,False,2.5118864315095824,1.584893192461114,0.00023750965604401765,False,False,,,,,,,,,
digital delta,100.0,2.0,0.01247854640180762,LR,0.00012941625782604075,0.00011508212600821078,0.00014318506471059327,-8.445462890793124e-06,0.0001294644630088401,1.0,1.0,1.0,True,False,,,,,,,,,,,,,,
digital delta,100.0,2.0,0.01247854640180762,LR (parity),0.00013032688159829504,0.00011714172688288451,0.00014342726601548566,8.601596042068669e-06,0.00013036904946326356,1.007036393939611,0.8804361017015493,1.150522723042718,False,True,,,,,,,,,,,1.007036393939611,0.8804361017015493,1.150522723042718,put
gamma,110.0,2.0,0.013929773207095188,"FD, CRN",0.00021731291453212258,0.00019858762604037174,0.00023498171884098236,-9.406779476722749e-05,0.00019638991267137868,2.0990602985578373,1.8339226035046439,2.4212517677298546,False,False,10.0,10.0,0.00021731291453212258,False,False,,,3.428050522449957,3.106578455108747,3.749581962609535,,,,
gamma,110.0,2.0,0.013929773207095188,LR,0.0007311400164789598,0.000649260073989442,0.0008132016509968012,-1.1886988760381918e-06,0.0007329737809153768,7.062198694367295,6.036600729081654,8.266479391746758,False,False,,,,,,,,3.428050522449957,3.106578455108747,3.749581962609535,,,,
gamma,110.0,2.0,0.013929773207095188,LR (parity),0.00043015215520168603,0.00038265340026856737,0.0004777474847609301,2.0805003207216368e-05,0.000430726893460291,4.154908663697858,3.6418325167584946,4.760648984570234,False,False,,,,,,,,3.428050522449957,3.106578455108747,3.749581962609535,0.588330751301539,0.5015599421382413,0.6943062069548219,put
gamma,110.0,2.0,0.013929773207095188,Pathwise-LR,0.00021328157554586716,0.00019261247055107778,0.00023421185132303112,-1.5548790240172955e-05,0.00021324783418199376,2.0601209486609573,1.8050947341235948,2.3554652735674706,False,False,,,,,,,,3.428050522449957,3.106578455108747,3.749581962609535,,,,
gamma,110.0,2.0,0.013929773207095188,Pathwise-LR (parity),0.00010352866693797589,9.123778428353365e-05,0.00011518131519417508,1.3691024487244556e-05,0.00010287691199463451,1.0,1.0,1.0,True,False,,,,,,,,3.428050522449957,3.106578455108747,3.749581962609535,0.4854083934489296,0.4245445735323738,0.5539875487258936,put
gamma,110.0,2.0,0.013929773207095188,Smoothed AD,0.0002514893330908498,0.00022955421938811643,0.00027257123985941986,-0.00014269958353112428,0.00020760349121909258,2.4291758073299374,2.1212125245137967,2.8095383852562295,False,False,2.5118864315095824,2.5118864315095824,0.0002514893330908498,False,False,,,3.428050522449957,3.106578455108747,3.749581962609535,,,,
digital delta,110.0,2.0,0.012663430188268349,"FD, CRN",0.00022043883762948456,0.00020235522852964845,0.00023872729343746703,-8.910423575016783e-05,0.00020213363485206841,1.72958025740218,1.506249644407857,1.9800679141064705,False,False,6.309573444801936,6.309573444801936,0.00022043883762948456,False,False,,,,,,,,,
digital delta,110.0,2.0,0.012663430188268349,Smoothed AD,0.00022425877017418156,0.00020508369553894163,0.0002434975365884173,-0.00012168894383328677,0.0001888441354297416,1.7595517451171572,1.535496420833863,2.0142352523037474,False,False,2.5118864315095824,2.5118864315095824,0.00022425877017418156,False,False,,,,,,,,,
digital delta,110.0,2.0,0.012663430188268349,LR,0.0001348606806004536,0.00012231106761647972,0.00014764161319677488,-1.3034107033785703e-05,0.00013456617518294188,1.0581273843333279,0.9434260899979496,1.194473338995009,False,True,,,,,,,,,,,,,,
digital delta,110.0,2.0,0.012663430188268349,LR (parity),0.00012745221662080169,0.00011319339067629342,0.00014147092525524185,1.6954510217982878e-05,0.0001266364721762665,1.0,1.0,1.0,True,False,,,,,,,,,,,0.9450657971866487,0.8371890502037767,1.0599664463931149,put
gamma,120.0,2.0,0.013947725081644949,"FD, CRN",0.0002547778966062608,0.00023249376980659015,0.0002789111995995949,-0.00013558083101218823,0.0002162485422407774,1.2937394753785403,1.1322175391696572,1.4756036426521326,False,False,10.0,10.0,0.0002547778966062608,False,False,,,3.2569587686899224,2.978160105189038,3.589365383187195,,,,
gamma,120.0,2.0,0.013947725081644949,LR,0.0006413973757563058,0.0005886902553259455,0.0006967829343489087,4.093875134115606e-05,0.0006416957843589303,3.2569587686899224,2.978160105189038,3.589365383187195,False,False,,,,,,,,3.2569587686899224,2.978160105189038,3.589365383187195,,,,
gamma,120.0,2.0,0.013947725081644949,LR (parity),0.0006413973757563058,0.0005886902553259455,0.0006967829343489087,4.093875134115606e-05,0.0006416957843589303,3.2569587686899224,2.978160105189038,3.589365383187195,False,False,,,,,,,,3.2569587686899224,2.978160105189038,3.589365383187195,1.0,1.0,1.0,call
gamma,120.0,2.0,0.013947725081644949,Pathwise-LR,0.00019693137718605544,0.00017776874549725672,0.00021759736152921863,1.2541582038571698e-05,0.0001970247951142579,1.0,1.0,1.0,True,False,,,,,,,,3.2569587686899224,2.978160105189038,3.589365383187195,,,,
gamma,120.0,2.0,0.013947725081644949,Pathwise-LR (parity),0.00019693137718605544,0.00017776874549725672,0.00021759736152921863,1.2541582038571698e-05,0.0001970247951142579,1.0,1.0,1.0,False,True,,,,,,,,3.2569587686899224,2.978160105189038,3.589365383187195,1.0,1.0,1.0,call
gamma,120.0,2.0,0.013947725081644949,Smoothed AD,0.0002630956108869326,0.00023948358766745452,0.0002871875955395325,-0.00011688435763460744,0.00023629754560427934,1.3359760879464473,1.1679943355625908,1.5236183799059317,False,False,2.5118864315095824,2.5118864315095824,0.0002630956108869326,False,False,,,3.2569587686899224,2.978160105189038,3.589365383187195,,,,
digital delta,120.0,2.0,0.011623104234704123,"FD, CRN",0.00021728703835744825,0.00019524383578418215,0.0002379314942543592,-0.00010407503215207772,0.00019121942648702117,1.711425031300782,1.478052053780824,1.9767620348351407,False,False,6.309573444801936,6.309573444801936,0.00021728703835744825,False,False,,,,,,,,,
digital delta,120.0,2.0,0.011623104234704123,Smoothed AD,0.00020989889638441624,0.00018956101955441195,0.00022928241371589027,-7.313278312029889e-05,0.00019724011012388847,1.6532335662091069,1.4260425862532422,1.9088913983389244,False,False,2.5118864315095824,2.5118864315095824,0.00020989889638441624,False,False,,,,,,,,,
digital delta,120.0,2.0,0.011623104234704123,LR,0.0001269626389607599,0.00011388910998592486,0.00013989419737237772,8.476081861007109e-06,0.00012699728057930402,1.0000000000000007,1.0,1.0000000000000018,False,True,,,,,,,,,,,,,,
digital delta,120.0,2.0,0.011623104234704123,LR (parity),0.0001269626389607598,0.00011388910998592486,0.0001398941973723776,8.47608186100705e-06,0.0001269972805793039,1.0,1.0,1.0,True,False,,,,,,,,,,,0.9999999999999993,0.9999999999999982,1.0,call
